,city,cloudiness,humidity,lat,pressure,temperature,wind
0,scarborough,8,22,-34.53,1018.0,297.15,4.1
1,scarborough,92,87,22.57,980.36,304.357,2.67
2,scarborough,24,67,32.93,746.59,286.807,0.87
3,scarborough,48,67,-11.33,900.68,296.607,0.77
4,scarborough,80,98,-38.55,1012.14,285.557,2.67
5,scarborough,40,49,62.45,1020.0,293.15,3.6
6,scarborough,90,65,20.89,1019.0,302.21,1.5
7,scarborough,40,57,34.54,1022.0,300.15,4.1
8,scarborough,5,17,27.52,1010.0,311.15,4.6
9,scarborough,0,52,-54.81,1020.0,278.15,9.3
10,scarborough,92,100,36.62,743.43,285.357,1.42
11,scarborough,0,69,-33.59,1028.75,291.507,3.92
12,scarborough,0,80,-30.17,1015.05,294.707,2.72
13,scarborough,40,30,42.65,1018.0,299.42,2.1
14,scarborough,75,46,65.28,1016.0,295.15,2.6
15,scarborough,0,14,32.86,1010.0,301.15,5.1
16,scarborough,48,100,8.0,935.29,293.057,0.72
17,scarborough,0,57,-34.42,992.52,286.457,3.02
18,scarborough,75,70,22.08,1018.0,302.7,6.2
19,scarborough,75,66,16.99,1011.0,304.15,4.6
20,scarborough,92,99,15.34,952.72,294.507,4.02
21,scarborough,68,98,5.43,1007.52,294.807,1.77
22,scarborough,0,100,-23.12,1038.4,296.057,10.42
23,scarborough,0,53,-34.0,1026.08,293.607,5.67
24,scarborough,20,77,50.12,1019.0,289.15,3.1
25,scarborough,0,87,-31.97,999.25,278.557,5.62
26,scarborough,0,90,-33.02,1034.1,294.257,7.42
27,scarborough,40,70,10.24,1011.0,303.15,7.2
28,scarborough,20,78,-46.19,1010.11,275.057,3.47
29,scarborough,20,56,-42.88,995.0,280.15,7.7
30,scarborough,0,80,-53.16,1022.0,272.15,4.1
31,scarborough,12,100,-46.43,1025.11,274.607,0.92
32,scarborough,92,94,16.73,1012.79,297.957,6.57
33,scarborough,92,99,8.96,777.96,284.907,1.22
34,scarborough,92,99,-38.31,1007.11,284.207,3.42
35,scarborough,0,68,67.46,1019.27,282.557,1.42
36,scarborough,20,51,-0.74,1010.0,301.15,9.3
37,scarborough,75,44,55.74,1012.0,297.15,6.7
38,scarborough,75,76,78.22,1005.0,283.15,2.1
39,scarborough,0,89,-51.62,1036.86,275.507,10.32
40,scarborough,24,100,64.25,1013.84,282.357,1.37
41,scarborough,0,49,68.05,1010.92,293.557,5.82
42,scarborough,90,93,69.44,1015.0,280.15,6.2
43,scarborough,0,49,-20.25,1021.0,294.09,3.6
44,scarborough,75,94,6.8,1011.0,298.15,3.1
45,scarborough,80,46,37.17,951.1,310.007,2.52
46,scarborough,92,100,-33.64,1026.48,290.157,9.62
47,scarborough,88,100,-16.23,1035.08,297.557,4.32
48,scarborough,40,100,3.63,1014.0,298.15,1.0
49,scarborough,20,94,24.75,1004.0,300.15,4.6
50,scarborough,0,13,22.68,986.44,304.557,2.62
51,scarborough,20,23,44.29,1018.0,303.15,5.7
52,scarborough,40,62,10.49,1014.0,303.15,1.47
53,scarborough,88,97,-8.93,948.18,292.857,0.87
54,scarborough,92,100,7.62,1020.81,294.907,1.42
55,scarborough,12,86,59.44,967.8,286.007,0.77
56,scarborough,0,78,28.66,1020.0,295.15,6.7
57,scarborough,100,80,65.61,1011.0,278.15,2.6
58,scarborough,1,13,40.74,1018.0,310.15,4.6
59,scarborough,1,51,39.31,1019.0,302.01,4.6
60,scarborough,88,96,-33.69,1019.11,290.907,1.22
61,scarborough,40,41,16.38,1011.0,307.15,1.22
62,scarborough,92,98,60.14,1008.73,277.057,4.92
63,scarborough,0,94,21.46,1029.64,301.807,7.97
64,scarborough,88,98,27.59,688.79,284.307,0.62
65,scarborough,75,83,-21.21,1018.0,299.15,4.6
66,scarborough,8,100,-9.8,1027.86,299.657,11.07
67,scarborough,20,94,35.73,1011.0,299.68,2.6
68,scarborough,68,70,71.98,1016.59,276.757,6.82
69,scarborough,0,45,-34.58,1003.0,282.15,2.6
70,scarborough,75,100,53.14,1012.0,289.15,3.0
71,scarborough,75,57,-35.55,1016.0,284.15,7.7
72,scarborough,1,47,48.61,1009.0,300.15,1.5
73,scarborough,0,64,-25.24,1023.0,276.15,1.0
74,scarborough,92,93,49.65,987.25,287.307,1.62
75,scarborough,0,90,50.68,1012.79,285.557,1.42
76,scarborough,88,70,57.6,1000.55,291.557,2.67
77,scarborough,64,100,-0.6,1024.05,299.157,0.57
78,scarborough,36,83,53.19,993.41,292.807,2.97
79,scarborough,0,76,-42.48,1028.1,281.507,1.27
80,scarborough,1,68,40.8,1018.0,290.0,7.2
81,scarborough,0,72,-26.65,1019.03,287.757,1.52
82,scarborough,0,97,72.79,1012.71,276.907,7.97
83,scarborough,0,87,65.01,1024.29,287.507,2.22
84,scarborough,48,95,-2.54,997.22,293.907,0.87
85,scarborough,40,64,-20.34,1024.0,294.15,6.7
86,scarborough,20,56,-42.78,995.0,280.15,7.7
87,scarborough,76,98,14.9,1015.05,297.407,2.22
88,scarborough,20,91,11.0,1001.03,297.607,2.87
89,scarborough,20,68,-6.15,1010.0,294.15,10.8
90,scarborough,40,42,49.72,1010.0,301.15,7.7
91,scarborough,56,82,-1.2,1024.21,300.557,3.12
92,scarborough,90,65,19.71,1018.0,298.35,2.1
93,scarborough,1,52,34.8,1014.0,304.98,2.1
94,scarborough,20,77,38.73,1029.0,294.15,8.37
95,scarborough,56,89,-23.58,1009.46,284.257,1.32
96,scarborough,92,100,-19.9,1010.36,289.157,1.42
97,scarborough,40,44,21.05,1013.0,308.15,3.6
98,scarborough,40,83,-10.16,1012.0,298.15,3.6
99,scarborough,75,78,43.32,1019.0,294.13,1.5
100,scarborough,0,17,18.74,969.58,303.157,4.92
101,scarborough,64,100,-9.11,1001.93,297.157,3.02
102,scarborough,0,64,62.78,1015.0,294.15,2.6
103,scarborough,0,69,-22.97,1018.0,296.12,2.6
104,scarborough,20,56,-43.03,995.0,280.15,7.7
105,scarborough,8,65,70.62,1020.0,285.857,4.92
106,scarborough,32,100,3.07,1025.11,301.507,3.02
107,scarborough,88,98,-39.03,997.06,277.107,7.72
108,scarborough,0,54,-17.22,957.1,296.157,2.22
109,scarborough,20,65,-5.81,1014.0,298.15,5.1
110,scarborough,44,95,-3.36,947.94,293.207,0.87
111,scarborough,20,83,34.81,1004.0,299.5,1.5
112,scarborough,0,83,57.31,1001.36,285.257,1.62
113,scarborough,92,87,58.6,1014.0,287.62,1.5
114,scarborough,0,69,45.22,1012.0,296.15,2.1
115,scarborough,40,62,26.63,1015.0,305.15,3.6
116,scarborough,8,82,-6.66,1007.11,300.807,1.17
117,scarborough,0,69,-20.74,1014.97,284.257,2.22
118,scarborough,92,99,71.64,998.12,282.207,2.87
119,scarborough,20,89,28.68,1010.92,298.557,1.22
120,scarborough,0,59,41.42,955.15,294.057,2.87
121,scarborough,12,60,-19.17,985.96,295.007,1.87
122,scarborough,36,26,34.75,1020.0,297.73,3.1
123,scarborough,0,55,36.2,823.19,287.157,1.07
124,scarborough,92,80,62.53,936.92,277.907,2.57
125,scarborough,0,100,-28.77,1025.83,285.407,2.57
126,scarborough,1,56,39.95,1009.0,307.15,5.1
127,scarborough,12,67,-31.4,856.91,270.257,1.12
128,scarborough,1,9,40.83,1020.0,310.15,5.1
129,scarborough,75,88,59.7,1011.0,293.15,2.0
130,scarborough,0,31,-9.87,1011.0,306.15,2.1
131,scarborough,0,34,-33.93,1019.0,293.15,7.2
132,scarborough,40,62,26.54,1015.0,305.15,3.6
133,scarborough,64,68,45.6,1016.0,293.6,2.6
134,scarborough,0,80,-28.95,1004.2,281.957,2.92
135,scarborough,20,91,20.04,1022.43,302.907,2.17
136,scarborough,0,44,8.41,969.26,299.857,7.27
137,scarborough,0,99,-15.19,1025.83,292.557,4.22
138,scarborough,92,95,-33.21,971.77,278.857,5.57
139,scarborough,1,31,29.74,1012.0,311.32,4.6
140,scarborough,75,62,19.55,1015.0,303.66,6.7
141,scarborough,1,38,41.28,1019.0,297.56,3.6
142,scarborough,20,41,53.82,1012.0,298.15,1.5
143,scarborough,1,47,41.39,1019.0,299.49,3.1
144,scarborough,90,100,-34.76,1006.0,285.65,4.07
145,scarborough,8,72,-14.56,966.42,288.807,3.92
146,scarborough,20,82,70.95,1019.0,286.62,4.1
147,scarborough,0,57,37.14,1015.0,297.15,5.7
148,scarborough,32,40,16.97,967.23,303.557,0.87
149,scarborough,8,89,58.61,955.8,282.757,0.87
150,scarborough,0,86,-3.24,833.56,282.557,1.32
151,scarborough,40,56,30.04,1013.0,307.66,2.6
152,scarborough,1,21,44.25,1015.0,307.15,3.1
153,scarborough,56,79,27.15,996.0,306.15,3.1
154,scarborough,80,100,2.67,1023.97,299.007,5.02
155,scarborough,40,83,41.96,1006.0,296.15,1.0
156,scarborough,0,62,-20.31,1015.0,288.15,2.6
157,scarborough,40,70,13.22,1013.0,302.15,9.3
158,scarborough,0,52,48.95,1016.0,294.25,2.1
159,scarborough,1,18,39.15,1011.0,310.15,5.1
160,scarborough,0,76,63.86,1010.0,285.15,2.6
161,scarborough,92,99,5.96,1002.17,294.257,0.92
162,scarborough,40,88,33.93,1011.0,298.15,2.1
163,scarborough,24,92,48.6,1008.9,295.907,1.92
164,scarborough,90,93,-34.68,1006.0,285.64,5.1
165,scarborough,56,97,49.03,870.69,285.907,1.82
166,scarborough,44,96,13.32,1016.84,302.557,6.12
167,scarborough,5,46,22.89,1015.0,306.15,4.1
168,scarborough,0,67,47.47,902.95,283.557,2.52
169,scarborough,75,77,38.52,1029.0,294.15,5.1
170,scarborough,0,74,-30.97,885.04,277.357,3.72
171,scarborough,90,73,41.96,1012.0,299.82,3.6
172,scarborough,0,27,33.12,1011.0,297.15,2.1
173,scarborough,20,83,38.18,1014.0,298.15,1.5
174,scarborough,36,87,1.04,822.05,290.457,1.32
175,scarborough,0,18,29.56,906.76,311.307,1.77
176,scarborough,20,83,-6.34,1010.0,299.15,1.5
177,scarborough,75,20,23.99,1022.0,302.15,4.6
178,scarborough,0,50,-34.61,928.81,278.907,6.17
179,scarborough,40,64,-20.41,1024.0,294.15,6.7
180,scarborough,0,72,42.46,1019.0,289.15,1.5
181,scarborough,32,84,77.48,989.77,278.107,1.52
182,scarborough,20,84,57.07,1006.95,287.757,2.57
183,scarborough,0,69,45.16,1012.0,296.15,2.1
184,scarborough,20,74,-1.82,1023.32,300.607,2.87
185,scarborough,0,24,18.9,987.5,306.407,3.67
186,scarborough,75,100,17.54,1005.0,297.15,1.97
187,scarborough,20,61,-36.8,1026.0,283.15,2.6
188,scarborough,0,55,-20.63,929.3,294.557,1.62
189,scarborough,12,86,59.63,967.8,286.007,0.77
190,scarborough,68,92,-8.15,1016.59,300.307,5.02
191,scarborough,8,87,-1.65,820.92,287.007,2.27
192,scarborough,12,74,-5.2,1022.67,298.957,7.52
193,scarborough,0,23,49.89,1012.0,302.7,2.6
194,scarborough,75,88,31.5,1009.0,297.36,3.6
195,scarborough,75,32,42.29,1015.0,301.95,3.1
196,scarborough,64,93,-39.94,1000.22,279.207,2.22
197,scarborough,1,11,43.82,1020.0,302.74,3.6
198,scarborough,20,90,43.95,989.12,296.407,0.97
199,scarborough,92,100,4.87,1025.11,298.007,4.37
200,scarborough,80,100,73.51,1034.59,276.157,11.37
201,scarborough,20,83,34.92,1004.0,299.51,1.5
202,scarborough,92,97,6.12,1018.78,300.157,8.37
203,scarborough,88,98,19.84,951.51,295.557,4.57
204,scarborough,75,100,2.29,1008.0,298.15,1.32
205,scarborough,0,58,67.55,1019.35,281.407,4.62
206,scarborough,90,94,17.01,1004.0,298.15,1.5
207,scarborough,0,93,52.21,998.0,289.15,0.97
208,scarborough,0,55,27.97,1015.95,301.157,5.02
209,scarborough,88,90,53.8,1022.92,287.657,4.77
210,scarborough,56,94,69.7,1022.67,279.357,1.67
211,scarborough,64,57,59.1,1016.35,297.057,2.87
212,scarborough,75,83,1.01,1015.0,298.15,4.1
213,scarborough,80,96,58.04,1016.35,290.157,1.12
214,scarborough,0,78,-21.64,1018.0,296.15,6.2
215,scarborough,80,93,13.32,991.31,295.807,1.77
216,scarborough,12,97,21.96,1005.82,297.357,1.27
217,scarborough,92,93,69.23,1019.0,286.61,1.5
218,scarborough,0,50,-33.01,1019.0,287.15,2.1
219,scarborough,0,100,38.51,1012.0,294.15,1.5
220,scarborough,1,39,45.36,1017.0,299.89,5.7
221,scarborough,80,97,10.57,1020.89,301.157,12.02
222,scarborough,92,92,65.58,1030.94,279.807,5.37
223,scarborough,80,80,53.98,984.82,288.857,1.07
224,scarborough,75,51,21.35,1017.0,302.14,3.6
225,scarborough,0,36,29.03,1016.59,302.257,4.07
226,scarborough,80,100,59.24,1011.41,285.557,1.87
227,scarborough,92,35,14.2,894.85,298.907,1.62
228,scarborough,0,77,51.59,1017.0,289.83,3.6
229,scarborough,32,89,12.79,1016.84,300.457,0.27
230,scarborough,0,87,70.86,1018.0,286.15,18.5
231,scarborough,12,65,-11.41,990.74,302.907,1.07
232,scarborough,75,64,-41.13,1030.0,275.15,3.6
233,scarborough,24,72,-11.1,986.61,292.757,2.57
234,scarborough,0,83,0.51,979.15,299.157,1.22
235,scarborough,64,75,69.49,1009.87,277.557,6.02
236,scarborough,75,83,-8.83,1014.0,295.15,3.1
237,scarborough,76,100,5.67,1023.16,300.657,7.92
238,scarborough,75,53,51.3,1011.0,298.15,2.1
239,scarborough,44,97,6.62,1022.67,301.957,9.72
240,scarborough,8,82,-22.28,1021.0,290.15,0.5
241,scarborough,75,88,-9.43,1012.0,298.15,1.67
242,scarborough,90,83,32.3,1021.0,300.15,8.7
243,scarborough,56,90,9.06,1025.11,299.307,2.77
244,scarborough,0,60,68.75,1020.81,280.857,1.27
245,scarborough,92,90,-34.72,1027.62,285.857,8.32
246,scarborough,56,85,-20.3,1029.24,293.757,2.27
247,scarborough,40,39,-0.39,1026.0,292.15,5.1
248,scarborough,92,90,47.17,1020.24,288.557,2.37
249,scarborough,40,74,18.42,1016.0,303.71,4.6
250,scarborough,0,89,57.78,967.31,285.457,1.02
251,scarborough,0,82,61.99,1017.0,287.16,3.6
252,scarborough,76,90,49.98,817.76,279.657,1.87
253,scarborough,48,79,43.51,1001.68,298.307,7.82
254,scarborough,0,76,-34.05,1027.37,293.857,5.52
255,scarborough,8,60,70.0,989.85,290.457,5.82
256,scarborough,92,100,-0.92,1017.32,301.157,1.77
257,scarborough,0,96,55.15,946.32,287.257,1.17
258,scarborough,68,100,5.94,1024.86,299.257,2.87
259,scarborough,44,89,-25.41,873.61,282.607,1.42
260,scarborough,92,100,4.14,1021.54,296.607,1.72
261,scarborough,24,88,-26.39,923.62,283.157,1.42
262,scarborough,0,31,-5.97,1001.52,304.557,3.42
263,scarborough,20,39,49.78,1012.0,299.15,7.2
264,scarborough,12,22,31.86,972.99,302.807,1.57
265,scarborough,92,92,57.46,1008.65,292.857,5.62
266,scarborough,68,96,69.38,1030.05,274.757,7.82
267,scarborough,8,86,21.28,1023.97,302.257,3.17
268,scarborough,24,86,5.38,1005.17,300.407,3.97
269,scarborough,0,92,25.02,1005.17,300.057,1.12
270,scarborough,20,93,-25.18,1031.43,291.057,6.62
271,scarborough,0,37,37.5,1000.0,303.15,1.22
272,scarborough,90,94,23.43,999.0,300.15,4.1
273,scarborough,92,100,-14.27,1032.32,294.557,8.72
274,scarborough,68,100,5.38,1023.32,299.757,2.67
275,scarborough,92,99,56.29,1008.98,289.857,1.87
276,scarborough,90,87,64.42,1021.0,281.15,2.0
277,scarborough,1,41,43.65,1017.0,299.73,3.1
278,scarborough,0,48,-3.52,962.29,297.007,1.57
279,scarborough,20,53,70.47,1006.0,283.15,3.6
280,scarborough,0,44,43.17,1011.0,299.15,1.0
281,scarborough,100,100,-32.7,1016.11,286.007,3.02
282,scarborough,0,67,27.93,871.82,296.757,0.87
283,scarborough,64,100,-16.48,1030.54,299.757,8.52
284,scarborough,92,100,4.98,1017.24,296.157,2.17
285,scarborough,8,82,26.4,999.25,301.007,1.47
286,scarborough,92,73,66.94,976.55,284.957,0.17
287,scarborough,20,94,44.65,1007.0,295.15,2.6
288,scarborough,8,72,71.97,1006.95,277.757,4.62
289,scarborough,92,56,54.87,1008.9,295.457,3.77
290,scarborough,20,91,10.64,1001.03,297.607,2.87
291,scarborough,75,63,55.34,1022.0,289.82,5.7
292,scarborough,40,34,20.87,1024.0,301.15,3.1
293,scarborough,0,82,58.71,1019.76,288.757,2.37
294,scarborough,0,51,68.01,998.2,292.657,1.17
295,scarborough,0,93,-43.53,1014.0,275.15,0.5
296,scarborough,0,29,-31.68,1009.38,294.407,5.47
297,scarborough,0,82,26.2,1000.87,301.507,1.32
298,scarborough,0,90,28.63,988.88,300.157,1.27
299,scarborough,92,87,60.91,1007.0,283.15,4.1
300,scarborough,48,87,58.97,952.48,283.057,0.82
301,scarborough,12,100,24.8,1016.59,301.057,5.92
302,scarborough,68,64,54.93,1005.17,287.507,2.42
303,scarborough,56,93,47.25,1016.0,291.15,2.82
304,scarborough,40,79,9.55,1007.0,303.15,4.1
305,scarborough,32,86,-45.41,960.5,276.957,4.02
306,scarborough,0,57,19.97,977.85,304.307,3.02
307,scarborough,8,26,18.69,964.15,303.207,2.97
308,scarborough,32,88,41.11,1005.57,297.757,4.82
309,scarborough,48,100,30.78,780.15,288.657,0.72
310,scarborough,0,25,17.54,1012.0,304.15,2.1
311,scarborough,75,70,63.75,1002.0,281.15,2.1
312,scarborough,8,85,29.04,970.88,295.857,0.97
313,scarborough,0,74,64.9,1026.56,290.407,2.47
314,scarborough,90,100,47.66,1016.0,294.15,7.2
315,scarborough,92,62,60.4,1014.0,286.15,3.6
316,scarborough,1,38,34.64,1013.0,298.96,6.7
317,scarborough,32,77,52.47,1018.0,291.21,3.1
318,scarborough,20,72,37.72,1027.0,293.15,5.7
319,scarborough,90,49,64.84,1020.0,292.82,5.7
320,scarborough,32,100,-13.85,1028.27,296.257,4.77
321,scarborough,0,38,62.72,1008.09,295.657,2.87
322,scarborough,90,77,-13.71,1011.0,292.15,9.8
323,scarborough,1,47,45.1,1013.0,297.61,6.7
324,scarborough,0,40,39.5,1003.0,295.15,0.92
325,scarborough,0,52,51.52,982.31,294.407,4.57
326,scarborough,40,39,-0.82,1026.0,291.61,5.1
327,scarborough,0,87,71.03,1018.0,286.69,18.5
328,scarborough,8,100,63.05,1019.11,284.357,3.87
329,scarborough,90,42,38.26,1019.0,302.52,1.92
330,scarborough,20,93,-16.99,1017.0,290.15,1.5
331,scarborough,68,72,14.73,989.6,300.057,1.87
332,scarborough,0,72,-25.17,1025.11,288.957,5.37
333,scarborough,1,83,30.37,1012.0,303.85,1.5
334,scarborough,0,65,63.86,1011.65,288.607,1.77
335,scarborough,64,92,7.53,993.41,296.257,1.97
336,scarborough,8,53,49.22,984.58,298.757,3.77
337,scarborough,0,42,26.55,994.31,300.257,1.97
338,scarborough,0,47,-2.95,960.99,298.757,1.62
339,scarborough,1,14,31.46,1012.0,315.15,6.2
340,scarborough,88,49,-16.77,935.54,288.457,3.67
341,scarborough,0,69,41.3,1014.0,296.15,1.0
342,scarborough,12,55,48.3,1016.0,292.71,2.6
343,scarborough,20,88,-3.03,1009.0,300.95,1.5
344,scarborough,92,100,-3.66,1019.35,297.157,3.07
345,scarborough,88,80,-37.83,1014.32,281.357,3.92
346,scarborough,0,42,-19.79,942.91,302.707,9.87
347,scarborough,76,94,56.76,1003.95,291.657,5.02
348,scarborough,24,100,-19.55,1030.62,295.307,5.37
349,scarborough,32,82,57.69,996.17,287.007,1.72
350,scarborough,92,93,43.32,1024.7,289.357,7.52
351,scarborough,0,77,47.88,1019.0,289.15,2.6
352,scarborough,0,83,67.67,1036.62,283.507,3.47
353,scarborough,56,72,57.05,1015.0,288.15,1.0
354,scarborough,90,100,44.9,1007.0,294.32,10.8
355,scarborough,0,72,47.55,1016.0,292.15,3.1
356,scarborough,0,24,23.67,842.56,303.407,2.12
357,scarborough,1,44,36.62,1012.0,296.34,8.7
358,scarborough,80,91,7.58,980.85,296.857,2.12
359,scarborough,75,72,50.7,1023.0,288.15,3.6
360,scarborough,40,72,33.08,1021.0,293.15,4.1
361,scarborough,48,37,60.75,910.25,289.807,1.27
362,scarborough,0,57,-20.46,868.42,282.807,4.32
363,scarborough,90,82,42.92,1013.0,292.15,4.6
364,scarborough,1,23,36.96,1010.0,310.99,3.6
365,scarborough,8,94,1.24,1008.0,297.15,0.72
366,scarborough,8,67,-46.28,1008.98,272.457,1.77
367,scarborough,32,100,-0.91,1007.76,297.007,1.87
368,scarborough,92,100,-2.02,1022.43,298.407,6.37
369,scarborough,20,83,-4.13,1018.0,296.15,3.6
370,scarborough,0,69,-30.0,1011.0,297.15,2.6
371,scarborough,80,90,61.99,1015.62,278.857,9.72
372,scarborough,0,74,-3.71,1012.0,299.15,3.1
373,scarborough,0,97,37.29,1008.65,293.157,1.32
374,scarborough,40,41,55.1,1014.0,299.15,3.1
375,scarborough,92,100,-2.57,1023.16,297.257,3.92
376,scarborough,0,71,40.36,962.29,291.157,1.52
377,scarborough,80,95,60.47,1005.82,284.707,1.72
378,scarborough,64,72,63.29,1014.0,290.7,1.5
379,scarborough,0,81,53.86,1028.35,292.007,5.52
380,scarborough,40,88,43.27,1021.0,291.15,3.6
381,scarborough,92,77,48.65,1025.19,290.407,5.02
382,scarborough,0,87,59.79,1017.0,286.15,3.6
383,scarborough,56,99,24.14,1010.52,301.357,8.52
384,scarborough,0,73,59.06,1019.11,289.157,1.82
385,scarborough,5,24,28.83,1013.0,312.15,3.1
386,scarborough,90,72,60.79,1024.0,288.15,2.6
387,scarborough,76,93,13.79,1023.97,297.507,3.57
388,scarborough,0,88,-6.13,1022.19,294.507,2.82
389,scarborough,56,100,-1.57,1028.51,296.257,5.67
390,scarborough,20,49,5.66,758.1,291.407,2.02
391,scarborough,40,53,69.22,994.0,283.15,1.5
392,scarborough,44,96,9.45,1006.47,295.757,1.62
393,scarborough,8,79,52.25,1006.71,290.107,1.22
394,scarborough,76,72,9.66,999.66,302.357,2.87
395,scarborough,40,83,18.37,1015.0,302.15,6.2
396,scarborough,0,54,46.68,975.66,296.357,3.22
397,scarborough,24,77,42.12,922.0,297.407,5.27
398,scarborough,100,99,50.72,995.85,289.657,3.72
399,scarborough,90,69,21.44,1017.0,302.16,5.1
400,scarborough,40,94,15.57,1003.0,300.15,0.5
401,scarborough,5,26,39.0,1019.0,302.4,1.97
402,scarborough,0,39,40.85,1019.0,301.15,1.47
403,scarborough,1,63,43.41,1022.0,291.15,13.4
404,scarborough,0,96,27.34,816.22,286.707,1.12
405,scarborough,76,98,13.55,987.98,294.907,2.42
406,scarborough,88,98,-38.95,997.06,277.107,7.72
407,scarborough,20,100,-17.73,1033.21,297.157,2.72
408,scarborough,20,53,39.45,1009.0,298.15,2.1
409,scarborough,20,76,40.1,1013.68,300.357,1.67
410,scarborough,56,86,3.64,983.53,296.157,1.52
411,scarborough,75,93,-17.88,1024.0,292.15,2.6
412,scarborough,40,78,33.63,1009.0,301.15,6.7
413,scarborough,0,68,46.42,1015.0,294.15,1.0
414,scarborough,0,45,-23.7,1023.0,279.15,3.1
415,scarborough,48,100,-46.13,998.12,282.557,5.97
416,scarborough,92,99,-23.35,1016.84,288.357,1.87
417,scarborough,40,49,37.33,1013.0,304.05,1.5
418,scarborough,88,96,-7.91,1032.56,297.907,8.97
419,scarborough,92,100,0.53,1023.97,299.707,4.07
420,scarborough,8,72,-24.69,918.35,278.757,3.62
421,scarborough,75,68,44.83,1016.0,294.15,3.6
422,scarborough,0,77,-30.51,920.95,280.007,6.22
423,scarborough,0,58,65.8,1016.35,279.007,6.42
424,scarborough,40,41,46.54,1013.0,299.45,7.7
425,scarborough,0,57,-13.19,1008.25,293.907,6.17
426,scarborough,20,71,63.9,1002.17,286.207,2.12
427,scarborough,88,97,33.44,769.2,288.257,0.87
428,scarborough,20,83,35.76,1011.0,300.12,6.2
429,scarborough,80,22,-20.73,1019.0,291.15,4.6
430,scarborough,8,90,32.73,917.7,296.057,1.02
431,scarborough,92,54,-8.94,988.23,293.657,1.67
432,scarborough,48,67,10.26,968.93,301.157,1.17
433,scarborough,0,75,35.63,924.03,297.007,2.07
434,scarborough,88,77,49.65,1017.0,293.15,5.7
435,scarborough,64,100,-41.05,1009.79,284.057,11.57
436,scarborough,80,99,50.75,867.61,282.207,0.57
437,scarborough,75,88,22.97,1004.0,298.72,1.0
438,scarborough,20,54,45.32,1013.03,299.307,4.42
439,scarborough,75,88,59.95,1011.0,293.15,2.0
440,scarborough,0,12,26.59,958.96,305.357,5.02
441,scarborough,68,93,36.86,695.03,279.907,0.72
442,scarborough,75,54,36.85,1018.0,301.6,4.1
443,scarborough,92,100,-2.67,1023.4,301.607,5.97
444,scarborough,0,88,58.38,1013.0,290.15,1.5
445,scarborough,90,52,55.78,1016.0,294.15,5.7
446,scarborough,1,25,32.86,1010.0,315.2,3.6
447,scarborough,0,56,-18.06,890.23,283.357,2.57
448,scarborough,75,88,20.21,1015.0,301.15,2.6
449,scarborough,88,91,58.05,1005.98,293.107,6.57
450,scarborough,24,21,20.52,992.28,307.407,1.57
451,scarborough,36,99,-21.57,1008.73,286.957,1.17
452,scarborough,1,36,50.29,1016.0,300.15,5.1
453,scarborough,24,73,39.67,907.41,289.507,1.27
454,scarborough,12,75,8.02,977.93,299.507,3.47
455,scarborough,0,59,51.55,1019.0,290.15,4.1
456,scarborough,75,100,16.47,1003.0,299.15,2.6
457,scarborough,75,78,6.88,1013.0,297.15,3.1
458,scarborough,75,67,54.78,1018.0,287.15,1.5
459,scarborough,40,73,47.69,1003.0,296.15,2.07
460,scarborough,68,99,11.73,978.09,294.657,1.07
461,scarborough,88,87,25.52,997.71,300.757,1.22
462,scarborough,40,39,46.72,1017.0,299.15,4.6
463,scarborough,92,77,-43.3,1032.56,278.857,6.97
464,scarborough,75,94,6.33,1014.0,298.15,1.87
465,scarborough,20,100,-8.71,1012.0,294.15,0.5
466,scarborough,75,94,38.95,1008.0,298.15,4.0
467,scarborough,8,74,10.3,977.04,298.857,5.12
468,scarborough,36,41,-6.64,990.5,305.007,1.92
469,scarborough,40,69,-17.73,1017.0,301.15,2.6
470,scarborough,0,65,43.74,1000.39,298.307,3.12
471,scarborough,100,99,-23.87,1037.51,292.857,6.47
472,scarborough,92,100,14.07,990.5,295.807,1.52
473,scarborough,92,96,-33.68,1021.78,285.557,5.27
474,scarborough,76,68,15.46,969.34,300.957,1.22
475,scarborough,0,81,63.84,1011.0,284.68,6.7
476,scarborough,0,19,39.21,1017.0,297.15,2.6
477,scarborough,44,86,-0.23,977.93,295.057,1.07
478,scarborough,68,75,53.89,987.25,289.507,2.37
479,scarborough,90,100,62.23,1007.0,283.15,5.1
480,scarborough,75,82,58.3,1023.0,289.15,6.2
481,scarborough,0,83,2.02,998.12,297.807,0.52
482,scarborough,75,94,5.28,1008.0,300.15,0.07
483,scarborough,24,30,38.04,979.47,297.657,3.32
484,scarborough,75,94,14.9,1005.0,299.15,2.1
485,scarborough,0,48,-7.6,966.58,299.057,5.47
486,scarborough,56,92,39.23,844.18,291.407,0.62
487,scarborough,90,82,37.46,1015.0,299.17,4.6
488,scarborough,0,45,-35.36,1003.0,282.15,2.6
489,scarborough,68,49,66.42,965.69,289.907,3.22
490,scarborough,92,97,-18.9,624.59,275.007,2.52
491,scarborough,36,51,-17.91,910.49,286.057,4.52
492,scarborough,40,71,60.55,1026.0,287.66,4.1
493,scarborough,0,40,38.97,830.32,291.457,1.57
494,scarborough,75,86,-34.58,1026.0,276.15,2.6
495,scarborough,32,100,-0.95,1007.76,297.007,1.87
496,scarborough,0,73,31.67,1014.0,298.15,5.1
497,scarborough,36,75,3.87,1004.6,301.307,1.32
498,scarborough,64,72,54.28,1016.0,290.81,1.5
